fsq_id,name,address,predicted_match,answers,actual_match,actual_usable,notes
5c43d718dbde110025a7d2b8,金翠餐廳,"Shop 17-18, G/F, Lai Kok Shopping Centre",True,"portion_size: Portions are average compared to similar soy sauce western restaurants. | value_for_money: Prices start from hundreds of HKD, similar to other well-known soy sauce western restaurants. | how_old: The restaurant has over 30 years of nostalgic taste.",,,
4ce1408faba88cfafd1754d7,吉吉串燒,譽華大廈地下D5鋪,False,,,,
4d943cd9078ef04ddbe92578,漢發麵家,"G/F, 192 Tai Nan St",True,"best_dish: Thick-cut pork liver noodles 「厚切豬膶麵」 | what_to_order_first: French toast 「西多士」 | known_for: The owner is a disciple of the legendary Yung Kee (容記) master chef, and the shop has over 50 years of history since 1973. | room_vibe: Comfortable, clean, and renovated space with a nostalgic mural of the original street stall; service is attentive and friendly. | busy: Very busy on Saturdays with long queues all day; weekdays are quieter and less predictable.",,,
4c876950e602b1f7435cc77a,Thai Chiu,101-103 Fuk Wing St,True,best_dish: The signature dish is Thai-style Hainanese chicken rice. | order_this_not_that: Get the Hainanese chicken rice instead of the braised pork leg – the chicken is superb but the pork leg is just average. | known_for: It's been Michelin-recommended for 10 straight years. | getting_there: Two-minute walk from Exit B2 of Sham Shui Po MTR station. | how_old: Opened in 2008.,,,
5fe0401d148bf64d868979a6,Yau Wok Hei 有鑊氣,"G/F, 174 Yee Kuk St",True,best_dish: The chilled sweet and sour pork 「冰鎮咕嚕肉」 is specially recommended as the most popular dish. | value_for_money: The value for money is quite high. | known_for: The chef woks two woks simultaneously. | room_vibe: An unassuming home-style eatery with superb cooking skills. | order_this_if_its_your_second_time: Come back for the salted goose 「鹽水鵝皇」.,,,
65913d3e863dc03c102c1366,pho viet,黃竹街,False,,,,
9e425ed150864fe5974c55ea,榮饗,欽州街37號西九龍中心 8樓05-06舖,True,,,,
651d09b84867980c95c825b9,Wanton Shing Noodles 雲吞成麵食,"Hong Kong, Sham Shui Po, Un Chau St, 1號地下A號",True,cash_only: Only accepts cash.,,,
6a98f44e17e91e6ba0c4bfd6,王子雞,"Shop 1, G/F, High One, 571 Fuk Wa Street, Cheung Sha Wan, Kowloon",True,best_dish: Signature dish is fish maw chicken soup rice noodles 「花膠雞湯米線」. | what_to_order_first: Start with the fish maw chicken 「花膠雞」. | how_old: Opened in April 2026. | room_vibe: Environment rated 7/10.,,,
636ae96c5ba91331215e0079,Times Café 時代冰室,"Shop A, G/F, 21-25 Cheung Sha Wan Rd",True,"best_dish: Pork chop with three fried eggs rice 「豬扒三眼仔飯」 – the reviewer calls it their favourite and notes the pork chop is crispy and the eggs are runny. | worth_the_queue: Worth the wait only if you have patience; many dishes take a long time to arrive. | room_vibe: Crowded and rushed, with poor service that feels like they’re hurrying you to leave. | getting_there: MTR Prince Edward Station Exit E, about a 5-minute walk. | value_for_money: Good value at HK$50–60 for large portions.",,,
57452c8e498e8b9ffc3524c2,Haru & P Deli 美食堂,"Shop N51, Mount Sterling Mall, Phase 7, Mei Foo Sun Chuen",True,known_for: Hong Kong style snack shop and deli | value_for_money: Below HK$50 per person,,,
64045be63f3eac5cde928ad9,廿三廿四,"Shop A2, G/F, Hoi Cheung Building, 72-74 Tai Po Rd",True,"best_dish: Mango pineapple green tea with coconut jelly (芒果菠蘿綠茶 加椰果) – refreshing, not artificial, great value at $13. | what_to_order_first: Black sugar pearl fresh milk Uji matcha (黑糖珍珠鮮奶宇治抹茶) – rare option to choose matcha base instead of milk tea for brown sugar drinks. | value_for_money: Drinks are excellent value: $13 gets a large fruit tea with real fruit pieces, and promotional half-price drinks start at $10. | known_for: Lets you choose matcha as the tea base for brown sugar drinks, not just milk tea. | drinks: Try the mango pineapple green tea, winter melon lemon ($11), aloe honey lemon ($11), or lemon black tea ($10).",,,
5f600476b388ec13dec17fc5,Grains Era,"Shop 11, G/F, Nam Cheong Centre, 89 Nam Cheong Street, Sham Shui Po, Kowloon",False,,,,
664159197f11175800e260e6,世一冰室,230 青山道,False,,,,
4cc39c5291413704725fbd55,Auntie Polly,11C Fa Po St,False,,,,
4bf741e1508c0f47b5723d31,食德好美食,石峽尾福田商場,False,,,,
5975ede81755622947606eb0,Fara XOXO 花說,"G/F, 565 Fuk Wing St",False,,,,
5d3bfaaf2105700008fcf80a,Bugis@叻沙・海南雞飯,"Shop 50-51, L2, V Walk, 28 Sham Mong Rd",True,"best_dish: Hainan chicken rice (海南雞飯) – boneless, tender smooth chicken with great flavour, recommended by a repeat diner. | order_this_if_its_your_second_time: Seafood laksa (海鮮叻沙) – rich, fragrant coconut broth loaded with shrimp, scallops, squid, fish balls and tofu puffs. | drinks: Hot monk fruit tea (熱羅漢果茶) – not too sweet, pleasant taste. | spice_level: Satay sauce on chicken skewers and sambal sauce on pork skewers provide spicy options. | known_for: Singapore cuisine.",,,
580c44edd67c3294614bd08a,Ajidouraku 味道樂居酒屋,"G/F, Green Court, 498 Un Chau St",True,"best_dish: The signature dish is the original Narita sauce charcoal-grilled eel rice. | what_to_order_first: Start with the lunch set: salad, miso soup, steamed egg, and a main dish. | order_this_if_its_your_second_time: Come back for the seasonal seafood and beef tongue skewers grilled over charcoal. | known_for: Their chicken soup noodles are made without MSG, simmering a whole chicken daily for a light broth, limited to about ten bowls a day. | value_for_money: The $48 lunch set gives you a hearty bowl of chicken soup noodles plus an Okinawa lime tea, great value for the care put in.",,,
61fdd2fb0a660e1ad3361180,黃金茶餐廳,47 Shun Ning Road,True,"best_dish: The egg tart 「蛋挞」 is renowned as the best in the city with flaky buttery crust and smooth custard. | cash_only: Cash only, no cards accepted. | busy: Gets very crowded at peak times. | room_vibe: The dining room feels stuffy and hot. | known_for: Considered the most representative traditional tea restaurant in Sham Shui Po.",,,
60800cedd5413a3307f1d3b6,Hogology,"Shop 1, G/F, High One, 571 Fuk Wa Street",True,"best_dish: Scallion oil pork chop rice 「蔥油豬扒飯」 is the most popular dish. | known_for: They use a unique secret recipe to marinate pork chops, fry them crispy, and serve with homemade meat floss or sauces. | room_vibe: The Cheung Sha Wan branch has a modern, simple decor compared to the Central branch's nostalgic feel. | portion_size: Portions are big enough for an adult. | value_for_money: The price is neighbour-friendly (good value).",,,
66c813312a6b311bfe99ca1c,池家人煲仔飯專門店,,True,"best_dish: Yellow eel claypot rice (黃鱔煲仔飯) is a must-eat signature dish. | what_to_order_first: Start with the preserved vegetable beef claypot rice (榨菜牛肉煲仔飯), a classic $58 option. | known_for: Traditional charcoal-fired claypot rice cooked to order, finished tableside with secret soy sauce that sizzles ('嗞啦') releasing aromatic steam. | room_vibe: Designed like an ancient inn, popular and often crowded with queues; newly renovated but cramped inside. | value_for_money: Extremely high value-for-money; ingredients better than nearby competitors, prices reasonable for locals.",,,
57d54ef3498eddf03d2c15be,明興牛什粉麵茶餐廳,98 Tai Po Road,True,best_dish: Beef brisket noodles 「牛腩麵」 are the most praised signature dish. | what_to_order_first: Beef offal noodles 「牛雜麵」 are the second most recommended item after beef brisket. | portion_size: Portions are smaller than at typical Chiu Chow beef offal shops. | value_for_money: Prices rose from $28 to $30 but still represent good value. | opening_hours: Open daily from 10:00am to midnight.,,,
56d3d21e498e4e010ac6c1ae,小排檔懷舊車仔麵,"G/F, 172 Fuk Wing St",True,best_dish: The signature dish is braised pig's trotter 「白雲豬手」 | what_to_order_first: Start with the pig skin 「豬皮」 | value_for_money: A bowl costs just $12 and hits the spot | how_old: They've been at this spot for over 10 years | known_for: The owner Gigi learned from a cart noodle master in Ngau Tau Kok before opening,,,
4c94476f58d4b60c56932729,長發麵家,1 Yiu Tung St,True,"best_dish: Homemade fish balls and cuttlefish balls 「自制魚蛋和墨魚丸」 | what_to_order_first: Soy sauce lard noodles 「豉油撈粗」 | known_for: A historic dai pai dong since 1958, famous for homemade fish balls and cuttlefish balls | how_old: Established in 1958 | room_vibe: Street-side dai pai dong atmosphere with market bustle, owner cooking nonstop, neighbours chatting, housewives passing by with groceries — a lively, relaxed slice of neighbourhood life",,,
6139499f3d97e779720ff8e2,Hei Kee Noodles,278 Yu Chau Street,False,,,,
4e675ffce4cdfdecb041bf3b,(洛記) 香港仔魚蛋王,深水埗北河街116A地下,False,,,,
69bbd11aeffe4d36c0ad800f,楊枝記,"Shop L2-16, 2/F, V Walk, 28 Sham Mong Rd",True,"best_dish: Mango pomelo sago (楊枝甘露) is the signature dish. | known_for: Traditional Hong Kong desserts made with fresh, quality ingredients, tasting fresh and not cloying. | portion_size: Portions are generous with ample ingredients, like the mango pomelo sago served shaved-ice style. | value_for_money: Desserts start from HK$25, considered very affordable. | how_old: Opened on 31 December 2025 at V Walk.",,,
4ea101fe9a527d6516758a05,黃金涼茶,,False,,,,
8f41cd0a9f8e4b87cb558472,真味小食,北河街209號 地下4B舖,True,known_for: Hong Kong style cart noodle snack shop | room_vibe: Traditional street-side snack shop atmosphere,,,
66e7093659a6dc4ea3fab4ad,Tea Château,Shop G03 Festival Walk,False,,,,
4d2d2277ad25224b1542fd8f,Kam Hoi Tong Restaurant,"Shop 3-5, One New York, 468 Castle Peak Rd, Cheung Sha Wan, Kowloon",True,,,,
65db3bf3278ac7465f8a15bf,平發潮州館,"Shop B3, G/F, Yun Fat Building, 231- 247 Un Chau St",True,known_for: Known for its large selection of cold platters and hard-to-find traditional Chiu Chow dishes. | value_for_money: Prices are at the $ level but reviewers find it expensive. | busy: Gets very crowded in the evenings. | need_to_book: Reservations are recommended due to popularity. | opening_hours: Open daily from 5 PM to 3 AM.,,,
60aa22e4d4e8e64653819d38,Ki’s Roasted Goose Restaurant 棋哥燒鵝,"G/F, 250 Castle Peak Rd",True,"known_for: Known for its lychee wood-smoked roast goose (荔枝柴香煙燻燒鵝), a tradition since 1976. | how_old: Founded in 1976, over 40 years of history. | best_dish: Lychee wood-smoked roast goose (荔枝柴香煙燻燒鵝) is the signature and most popular dish.",,,
55a39744498e66b0d5ad60f8,Milk Food,"8F73, 8/F, Dragon Centre, 37K Yen Chow St",False,,,,
68a459250730527a0e9fa0f6,桃園龍鬚糖糯米糍,,True,"best_dish: Peanut glutinous rice dumpling 「花生糯米糍」 is the must-eat signature item. | what_to_order_first: Start with the dragon beard candy 「龍鬚糖」 pulled fresh into fine strands right in front of you. | order_this_if_its_your_second_time: Try the sugar onion cake 「糖蔥餅」 for a salty-sweet nostalgic bite. | known_for: Known for the live demonstration of pulling dragon beard candy into hair-thin strands. | room_vibe: You can watch the staff non-stop cutting fresh, hot dragon beard candy with a satisfying crunchy sound.",,,
5e64edbfe489970008e276b9,Man Man Grill 密密燒,50 Tonkin Street,True,"known_for: It uses a 360-degree auto-rotating electric grill that cooks skewers evenly without flipping. | value_for_money: At $250 the all-you-can-eat skewers and all-you-can-drink with Japanese wheat beer is good value. | room_vibe: The space is spacious and clean with simple decor, comfortable for group gatherings. | getting_there: It's a 5-minute walk from Exit A2 of Cheung Sha Wan MTR Station. | drinks: The all-you-can-drink includes Japanese wheat beer, with draft beer available for an extra charge.",,,
1d16d9fe18a54987377c5fe4,旭海貿易行,海壇街227A 地下,True,known_for: Known for hairy crab (大閘蟹). | getting_there: Exit D1 from Nam Cheong MTR station. | opening_hours: Opens daily from 5:00 AM to 8:00 PM.,,,
5d7dd8033653b70008d9b6f7,Red Ant Restaurant 紅螞蟻,"Shop L2-29, 2/F, V Walk, 28 Sham Mong Rd",True,best_dish: Fung Sha single-bone chicken wings 「風沙單骨雞翼」 | known_for: Western-style noodles and rice noodles | opening_hours: Open daily from 7:30am to 10pm | how_old: Founded in 1998,,,
546ec3ea498eebfda51ba804,Ateen 社企素食,"Shop A13, 2/F, Block A, Hong Kong Industrial Centre, 489-491 Castle Peak Rd",True,best_dish: four-style combo plate 「四式頭盤」 | what_to_order_first: three treasure rice 「三餸飯」 | order_this_if_its_your_second_time: vegetarian goose (bean curd skin stuffed) 「素鵝(腐皮多士)」 | known_for: All ingredients are natural vegetarian with no artificial additives; the food tastes fresh and leaves you feeling comfortable after the meal. | getting_there: MTR Lai Chi Kok station Exit C1.,,,
67bafec0e9addd5d034ce941,辣媽美食,,True,"best_dish: Siu mai (燒賣) — they’re the best the reviewer has ever eaten. | what_to_order_first: Cheung fun (腸粉) — smooth and well-made. | known_for: Heavily garlicky siu mai with wrinkly skin, smoky chewy texture, and garlic bits in every bite — a must-try for garlic lovers. | getting_there: Right at Lai Chi Kok MTR station (荔枝角站). | spice_level: The spicy sauce is properly spicy (辣汁夠辣).",,,
4d19f7ca25cda143b6468bd6,金和記海鮮菜館,"G/F, 140 Kiu Kiang St",True,cash_only: Only accepts cash payments. | opening_hours: Open daily from 6:00 PM to 2:30 AM. | getting_there: Exit D2 from Sham Shui Po MTR station.,,,
60a9f09796f50435520e581a,爭鮮迴轉壽司,元州街303號元州商場地下3號舖,True,"room_vibe: Elegant and clean renovation | getting_there: 5-minute walk from Cheung Sha Wan MTR station C exit | how_old: Opened in July 2019 | known_for: Many varieties of sushi on the conveyor belt | what_to_order_first: The popular 2-person set menu with flamed four-style salmon, beef udon, oil-fried flower clam Inaniwa udon, and crab meat crab roe chawanmushi",,,
50976b5de4b0a70263e41d6c,城大餐廳,,False,,,,
58a2ee9ff63c5450c0a3da9b,林洪記新鮮雞煲火鍋店,九龍長沙灣保安道街市三樓 CFS 4號檔,True,getting_there: Take a bus or the MTR to Sham Shui Po; the stall is on the 3rd floor of Po On Road Street Market at CFS stall 4. | spice_level: You can choose between a spicy (麻辣) or sour (酸菜) chicken pot broth. | drinks: Unlimited canned soda comes with the set. | known_for: Known for all-you-can-eat chicken pot and steam seafood hotpot sets with free-flow canned soda. | what_to_order_first: Start with the chicken pot all-you-can-eat set at $138 per person.,,,
61a807d97ef6474fe0f40df5,Good Taste Restaurant 好品餐廳,"G/F, 184 Yu Chau St",True,known_for: Serves authentic Ng Yap (五邑) home-style dishes like five-flavor goose and 'ride horse across sea' with homestyle soup included. | value_for_money: Afternoon tea set at $40 with dry fried beef ho fun has wok hei and is good value. | best_time: Afternoon for the afternoon tea set. | what_to_order_first: Dry fried beef ho fun (乾炒牛河) from the afternoon tea set. | best_dish: Five-flavor goose (五味鵝) — a signature Ng Yap home-style dish.,,,
4c4dd3179efabe9a773c2369,豐盛茶餐廳,"G/F, 118 Fuk Wing Street",False,,,,
4dba5104f7b144688ff6dc41,榮發茶餐美食,"Shop A, G/F, 22 Cheung Fat St.",True,"best_dish: Fresh beef macaroni 「生滾牛肉通粉」 is a must-try. | known_for: It's a dai pai dong-style tea restaurant with the menu board still posted outside. | opening_hours: Opens unusually early at 6am but closes by 2:30pm. | getting_there: About an 8-minute walk from Cheung Sha Wan MTR Exit C2. | value_for_money: Yes, it's affordable and filling with most dishes under HK$100.",,,
8a0687f433ce4c5d5d2c1b66,樂融坊,東沙島街190號樂年花園 地下a號舖,True,,,,
4bdab2a9c79cc928076c7fe9,Madrid Café,"Shop A, G/F, Trendy Centre, 682 Castle Peak Rd",False,,,,
